Topic,last_iteration,estimated_alpha
1_Economic Cooperation,1000,0.13723003176690948
2_Belt and Road Initiative (BRI),1000,0.5395444916886145
3_Diplomatic Relations,1000,0.12344537504393165
4_Technology and Innovation,1000,0.34379315670062144
5_Cultural Exchange,1000,0.1125850388606163
6_Geopolitical Strategy,1000,0.24966637013063034
7_Trade Agreements,1000,0.07264622345903556
8_Infrastructure Development,1000,0.07217900054231048
