Topic,last_iteration,estimated_alpha
1_Economic Cooperation,1000,0.09892993561559145
2_Belt and Road Initiative (BRI),1000,0.091658810522291
3_Diplomatic Relations,1000,0.026619712256324857
4_Technology and Innovation,1000,0.16536065287767632
5_Cultural Exchange,1000,0.03518417284354753
6_Geopolitical Strategy,1000,0.10423573218906415
7_Trade Agreements,1000,0.04482740951537175
8_Infrastructure Development,1000,0.10182411448980593
