Topic,last_iteration,estimated_pi
1_Economic Cooperation,1,0.02303901167207334
2_Belt and Road Initiative (BRI),2,4.197673621313728e-4
3_Diplomatic Relations,3,0.057107877734124984
4_Technology and Innovation,4,0.0030909789882579424
5_Cultural Exchange,5,0.0351946077709509
6_Geopolitical Strategy,6,0.010108533081590458
7_Trade Agreements,7,0.01107158612840003
8_Infrastructure Development,8,0.019180958302337726
