Topic,last_iteration,estimated_pi
1_Economic Cooperation,1,0.03070944511168967
2_Belt and Road Initiative (BRI),2,0.0011261088377876453
3_Diplomatic Relations,3,0.00535701982903999
4_Technology and Innovation,4,0.013536371770902104
5_Cultural Exchange,5,0.025802396999290343
6_Geopolitical Strategy,6,0.03466939452152484
7_Trade Agreements,7,3.8973473085830463e-4
8_Infrastructure Development,8,0.03656236614975895
