Topic,Lower,Point,Upper
1_Economic Cooperation,0.03070944511168967,0.03575082176455169,0.04023906724030519
2_Belt and Road Initiative (BRI),0.0011261088377876453,0.0024384131265448683,0.00493221066760493
3_Diplomatic Relations,0.00535701982903999,0.007692976751193496,0.008793309529720596
4_Technology and Innovation,0.013536371770902104,0.015631298755042627,0.01843747132374447
5_Cultural Exchange,0.025802396999290343,0.030029823008960975,0.032848000796208275
6_Geopolitical Strategy,0.03466939452152484,0.03726082600033571,0.04051460672410146
7_Trade Agreements,3.8973473085830463e-4,0.0024206593622913748,0.002712525354034085
8_Infrastructure Development,0.03656236614975895,0.039779144460704054,0.04651693093800999
