Topic,last_iteration,estimated_alpha
1_Economic Cooperation,1000,0.034742612511854974
2_Belt and Road Initiative (BRI),1000,0.07348779371534861
3_Diplomatic Relations,1000,0.1708192001377406
4_Technology and Innovation,1000,0.033778955346785725
5_Cultural Exchange,1000,0.10899514835015274
6_Geopolitical Strategy,1000,0.09894157087245083
7_Trade Agreements,1000,0.041763052056786744
8_Infrastructure Development,1000,0.07963758878946461
