Topic,last_iteration,estimated_alpha
1_Economic Cooperation,1000,0.14694240833543482
2_Belt and Road Initiative (BRI),1000,0.3014116205429996
3_Diplomatic Relations,1000,0.06567185190344887
4_Technology and Innovation,1000,0.04431724550895236
5_Cultural Exchange,1000,0.39352798469425404
6_Geopolitical Strategy,1000,0.43503000903050076
7_Trade Agreements,1000,0.32970734994608264
8_Infrastructure Development,1000,0.2990131516227474
